
[
    {
        "ID_Paciente": 1,
        "ID_Médico": 1,
        "Fecha_Cita": "2023-04-10",
        "Hora_Cita": "10:00 AM",
        "Razón_Cita": "Seguimiento cardiológico"
    },
    {
        "ID_Paciente": 2,
        "ID_Médico": 2,
        "Fecha_Cita": "2023-04-16",
        "Hora_Cita": "2:30 PM",
        "Razón_Cita": "Examen de tiroides"
    },
    {
        "ID_Paciente": 3,
        "ID_Médico": 3,
        "Fecha_Cita": "2023-04-18",
        "Hora_Cita": "11:15 AM",
        "Razón_Cita": "Control pediátrico"
    }
]

