[
    {
        "ID": 1,
        "Nombre": "Ana",
        "Apellido": "González",
        "Especialidad": "Cardiologia",
        "Telefono": "+573011234567",
        "Correo": "1@mail.com"
    },
    {
        "ID": 2,
        "Nombre": "Luis",
        "Apellido": "Martínez",
        "Especialidad": "Pediatria",
        "Telefono": "+573011234567",
        "Correo": "2@mail.com"
    },
    {
        "ID": 3,
        "Nombre": "Elena",
        "Apellido": "Sánchez",
        "Especialidad": "Endocrinologia",
        "Telefono": "+573011234567",
        "Correo": "3@mail.com"
    }
]
