[
    {
        "ID": 1,
        "Nombre": "María",
        "Apellido": "Rodríguez",
        "Nacimiento": "1980-03-15",
        "Género": "F",
        "Dirección": "Dir1",
        "Teléfono": "123"
    },
    {
        "ID": 2,
        "Nombre": "Juan",
        "Apellido": "Pérez",
        "Nacimiento": "1959-07-22",
        "Género": "M",
        "Dirección": "Dir2",
        "Teléfono": "123"
    },
    {
        "ID": 3,
        "Nombre": "Laura",
        "Apellido": "Gómez",
        "Nacimiento": "1972-11-05",
        "Género": "F",
        "Dirección": "Dir3",
        "Teléfono": "123"
    }
]

